n_update,cutoff_factor,cutoff_radius_nm,seed,original_runtime_s,optimized_runtime_s,speedup,list_force_relative_l2,cutoff_force_relative_l2,total_force_relative_l2,list_force_absolute_l2_kJ_per_mol_nm,cutoff_force_absolute_l2_kJ_per_mol_nm,total_force_absolute_l2_kJ_per_mol_nm,list_energy_absolute_error_kJ_mol,cutoff_energy_absolute_error_kJ_mol,total_energy_absolute_error_kJ_mol,n_missing_pairs_max,missed_pair_fraction_max
10,14.0,4.760000000000001,1,37.92647200002102,0.12928595795528963,293.35337417801367,9.496698274845858e-05,0.0001884080032698823,0.00021102165071982406,5.11971207023458e-06,7.796610329341853e-06,9.310992690619453e-06,9.333926677609905e-06,0.00012014238650898817,0.0001283349885283329,13,0.0593607305936073
9,13.0,4.42,3,38.47436808299972,0.13659079204080626,281.6761474778297,6.01540648582471e-05,0.00014512122936481963,0.00015865550708618763,5.168615695882761e-06,1.1681437718480904e-05,1.2763526708682579e-05,6.817031077435004e-06,0.00015348404570202437,0.00016030107677945937,7,0.041666666666666664
12,3.0,1.02,1,37.92647200002102,0.07493662496563047,506.1139598616287,0.2565863169310684,1.0,1.0,0.07729749851843448,0.05733973391123086,0.08242133654203182,0.008628839149983792,0.022071639524634905,0.022071639524634905,1,0.5
10,7.5,2.5500000000000003,2,38.32349537499249,0.10053854197030887,381.1821280072892,0.002031177859605739,0.0017298880190386207,0.0026671151891781418,0.00022879720059684289,0.0002019438314341908,0.00030044705211053227,0.00012707710373698056,0.0006493124377282,0.0007593793659651515,4,0.09523809523809523
14,5.0,1.7000000000000002,2,38.32349537499249,0.06833879195619375,560.7868426992163,0.05294202436761808,0.024348490935474643,0.05844233082761332,0.01203327828387715,0.0025875780544877655,0.012254475053192214,0.0020575137873107135,0.0029742503788318282,0.0047609846607128276,3,0.3
11,12.0,4.08,1,37.92647200002102,0.11083745898213238,342.1809950202394,0.0005090985584324925,0.0005683631626239224,0.0007629508545221358,1.605882423265555e-05,1.8643170179682176e-05,2.4066250210418404e-05,2.9905713883008472e-05,0.0001978695264161813,0.00021739687357057343,18,0.12949640287769784
9,1.0,0.34,3,38.47436808299972,0.09851849998813123,390.52937354542365,,1.0,1.0,0.0,0.2264705477208933,0.2264705477208933,0.0,0.04014425228621263,0.04014425228621263,0,0.0
9,14.0,4.760000000000001,2,38.32349537499249,0.1407950830180198,272.19342148537686,1.4727068642462889e-05,3.9817498387784725e-05,4.241098989453981e-05,3.589871696922616e-06,7.49976117909986e-06,8.117088586005112e-06,5.0478328760816815e-06,0.00011868927374930616,0.00012373710662538784,8,0.0425531914893617
14,12.0,4.08,3,38.47436808299972,0.08620825002435595,446.2956627947994,0.0001355510172028874,0.00018145216678860826,0.000227677547461516,1.5526548145223696e-05,1.710812945248685e-05,2.3037327953851243e-05,2.5973109791410653e-05,0.00018999028885520464,0.0002127816656853146,14,0.1
13,3.0,1.02,3,38.47436808299972,0.0666343750199303,577.3951968708652,0.8095384667993683,0.47403860219076394,0.8134010264562254,0.13406947972211372,0.04063052894882697,0.1359506738218962,0.013847212864495658,0.015598288339106916,0.023059716549418324,1,0.5
10,12.0,4.08,3,38.47436808299972,0.11936595797305927,322.3227856277359,0.00011923798714119348,0.0002070560542549718,0.00024081343260316774,1.5810226750478975e-05,1.793420116965646e-05,2.383099560782132e-05,2.067309712980303e-05,0.00019690626199801373,0.00021374981570512763,10,0.07692307692307693
14,14.0,4.760000000000001,2,38.32349537499249,0.09227412496693432,415.32223024304375,6.355697222021906e-05,6.515100101247927e-05,9.046178614408427e-05,7.618149877437037e-06,7.642426006087235e-06,1.0717944227442412e-05,1.4876972829959423e-05,0.0001196306308080819,0.00013231162389904655,20,0.10101010101010101
9,7.5,2.5500000000000003,1,37.92647200002102,0.11096525000175461,341.7869287855551,0.004734813484570928,0.005119513573250808,0.006967022217634662,0.0002694745904503855,0.00022823821475424628,0.00034597607020115794,0.00015584657547687564,0.0007299877750631123,0.0008858343505399879,5,0.1111111111111111
14,5.0,1.7000000000000002,3,38.47436808299972,0.06816424999851733,564.4361682822973,0.23301599625388575,0.02578661073320809,0.23436204450412865,0.021107260820303234,0.00283965278475488,0.021236186648779885,0.0042808637395907664,0.003547599795954509,0.007080199270131114,4,0.4
14,11.0,3.74,2,38.32349537499249,0.08190999994985759,467.8732193682429,0.000271731426890384,0.00021481547327619017,0.00034627219946764765,4.810746475802897e-05,2.4563526218023506e-05,5.401137680061016e-05,3.7135419332902375e-05,0.00021953192903587798,0.0002458103113737453,11,0.102803738317757
11,12.0,4.08,3,38.47436808299972,0.10842541698366404,354.8463926018055,0.00012452730414967147,0.00019898998397439616,0.00023699537060417364,1.1194015210544861e-05,1.848441212331641e-05,2.144839379183384e-05,1.322301480733215e-05,0.00020042178537551733,0.0002134984527463503,8,0.058823529411764705
10,15.0,5.1000000000000005,3,38.47436808299972,0.13208508299430832,291.2847326193346,3.00772483425839e-05,6.043017555485021e-05,6.772017112458578e-05,2.4380371366217394e-06,5.143218735926145e-06,5.722905494427128e-06,4.605233745819115e-06,9.623161925044824e-05,0.00010059827481051498,11,0.04
12,5.0,1.7000000000000002,1,37.92647200002102,0.0776530000148341,488.40961704990025,0.14405754687345815,0.08497074957682613,0.1668094750198188,0.005676673276486534,0.002756139597585747,0.006270632638369911,0.0016737764550014689,0.003538230931573849,0.005212007386575318,3,0.2727272727272727
13,7.5,2.5500000000000003,1,37.92647200002102,0.07330037496285513,517.4117051821387,0.0062209007102251405,0.004985498113272833,0.007966522854784316,0.00037827805731144136,0.00023504094306948245,0.00044507614081512343,0.00023551324367562104,0.0007453170511963758,0.0009751092920757196,6,0.13333333333333333
10,3.0,1.02,3,38.47436808299972,0.09224870795151219,417.0721621729665,0.9991490538056205,0.6028015497678265,0.9991491496977793,2.20744617034188,0.048455113900329874,2.2074909403583605,0.15730673133880255,0.015304646224599974,0.16508304123072012,1,0.5
9,1.0,0.34,1,37.92647200002102,0.09830045799026266,385.8219257104367,,1.0,1.0,0.0,0.21986752074990257,0.21986752074990257,0.0,0.038376928414527015,0.038376928414527015,0,0.0
13,13.0,4.42,1,37.92647200002102,0.08866250002756715,427.76226689106255,0.0002374652979640552,0.00023598486841545574,0.0003327923366788872,1.0858346790516629e-05,1.1304044227202339e-05,1.5217284102990265e-05,2.1650921281732988e-05,0.00014948294243743304,0.00016484659092309492,19,0.10497237569060773
10,2.0,0.68,3,38.47436808299972,0.09463604097254574,406.5509047886024,1.0,1.0,1.0,2.20744617034188,0.13165656454236493,2.2093249116900386,0.15730673133880255,0.02878292952280317,0.17489307193692039,1,1.0
9,1.0,0.34,2,38.32349537499249,0.0977262919768691,392.151330003018,,1.0,1.0,0.0,5.768765163639748,5.768765163639748,0.0,0.4265496479204426,0.4265496479204426,0,0.0
12,2.0,0.68,3,38.47436808299972,0.07593387499218807,506.68253249235454,1.0,1.0,1.0,1.7146201694647323,0.1600864020486942,1.7149228593414294,0.12580355565995716,0.030017823086995275,0.13736089693570935,1,1.0
10,15.0,5.1000000000000005,2,38.32349537499249,0.13105095800710842,292.43201238493623,1.5596083836501263e-05,4.308617897501814e-05,4.575708925091192e-05,2.7110713704579944e-06,4.989006237852278e-06,5.638189036648752e-06,5.594287059207392e-06,9.454696860705658e-05,0.00010014125566626397,13,0.05327868852459016
14,7.5,2.5500000000000003,3,38.47436808299972,0.07348325004568323,523.5801091960533,0.0040870054003232376,0.0029616715424494885,0.00502766807858784,0.0009534076361255492,0.00026836963164147054,0.0009944796085865355,0.00032183146842446053,0.0008119575378870494,0.00109737970750734,7,0.19444444444444445
13,10.0,3.4000000000000004,1,37.92647200002102,0.08135824999772012,466.1662707971696,0.0012596632744520026,0.000952987875191081,0.0016045352385023737,0.00011395751551972335,4.464722366557721e-05,0.00012249547463621675,7.257007259744985e-05,0.0003036522405467888,0.0003721207931776452,9,0.1
13,2.5,0.8500000000000001,2,38.32349537499249,0.06992533296579495,548.0631088841438,1.0,0.512908684737398,1.0,0.6225941442939646,0.12364527975671573,0.6241064006680318,0.05200842453104723,0.026281861270461376,0.06823747426543869,1,1.0
12,7.5,2.5500000000000003,1,37.92647200002102,0.08613433298887685,440.3177070509009,0.004432694369287473,0.00812996187488151,0.00927987852766395,0.0003391361278445328,0.0002398631835052921,0.00041069975883991467,0.00021576554285716865,0.0007902503352730742,0.0009553079302470138,6,0.13333333333333333
9,14.0,4.760000000000001,3,38.47436808299972,0.14524879195960239,264.88597642657487,3.750074307654713e-05,9.50398542156499e-05,9.938055455674894e-05,4.369735370544336e-06,7.775846907396039e-06,8.987591983363558e-06,8.083569596053358e-06,0.00012069432838622898,0.00012877789798228234,12,0.055299539170506916
10,10.0,3.4000000000000004,3,38.47436808299972,0.11442941700806841,336.2279481008532,0.00026004329781134314,0.0006327743309902417,0.0006857617260830526,3.618408000487263e-05,5.0897675281070174e-05,5.515975592710898e-05,3.281591001275119e-05,0.0003322788218464712,0.0003431879371272213,6,0.07058823529411765
12,14.0,4.760000000000001,3,38.47436808299972,0.10705975000746548,359.37285562797246,3.9364490419909365e-05,9.321066696515204e-05,0.00010082851208266576,4.180526915086566e-06,7.914423435892328e-06,8.973335881006985e-06,7.703905543571948e-06,0.0001248598887431951,0.00013043870919196912,12,0.056338028169014086
12,14.0,4.760000000000001,2,38.32349537499249,0.10892633401090279,351.82947928052516,3.478598399551474e-05,4.846144701453469e-05,5.9446196588318296e-05,5.663013066873004e-06,7.563570149267342e-06,9.225970779767675e-06,1.1291182486605766e-05,0.00011940749152117291,0.00012816518894670503,17,0.08854166666666667
13,2.5,0.8500000000000001,3,38.47436808299972,0.07162379199871793,537.173012058457,0.0,1.0,1.0,0.0,0.16708010130876313,0.16708010130876313,0.0,0.03351618863436238,0.03351618863436238,0,0.0
14,14.0,4.760000000000001,1,37.92647200002102,0.09809225000208244,386.64086101823403,0.0001537303671090937,0.00017669018266118196,0.00023670580430184125,6.801891162874068e-06,7.902347030178653e-06,1.047318932609797e-05,1.2843345210490631e-05,0.0001201268013074075,0.0001327080074618528,15,0.06912442396313365
13,10.0,3.4000000000000004,2,38.32349537499249,0.08448337501613423,453.621737622031,0.00013603422155623816,0.0001804505450919276,0.00022344789471764174,4.581473336590509e-05,4.552300998625412e-05,6.36249429567313e-05,3.6974640306032536e-05,0.00029364714673843495,0.00032579625102630017,6,0.0759493670886076
14,1.0,0.34,1,37.92647200002102,0.06507708400022238,582.7930458576081,,1.0,1.0,0.0,0.22701254575411786,0.22701254575411786,0.0,0.04148024058236488,0.04148024058236488,0,0.0
10,7.5,2.5500000000000003,1,37.92647200002102,0.10875304200453684,348.739412718578,0.004420828670683246,0.0054741109556561435,0.0070339726087911185,0.0002917547893314676,0.0002326012440636052,0.00036008118898521815,0.0001684102135938656,0.0007529984982319743,0.0009214087118258399,5,0.11363636363636363
9,12.0,4.08,3,38.47436808299972,0.13123045902466401,293.1816924893075,9.73831780030779e-05,0.0002142588619214589,0.00023591807425339724,1.206644166582233e-05,1.760095715069233e-05,2.1169725236247718e-05,1.602012447768364e-05,0.00019458403359304613,0.0002071670664254635,9,0.06870229007633588
14,14.0,4.760000000000001,3,38.47436808299972,0.09874529100488871,389.6324340276127,4.6554794889724066e-05,8.498768265204133e-05,9.673078207126471e-05,4.977432617021641e-06,7.701094555895546e-06,9.05714634893486e-06,1.0018897709046515e-05,0.00012139209963044073,0.00013075353181235538,15,0.06912442396313365
14,10.0,3.4000000000000004,3,38.47436808299972,0.08558466599788517,449.54744678153486,0.00040029233635095415,0.00047427734013278717,0.0006222188052038709,5.6387474910357385e-05,4.731385681809116e-05,7.380079697453286e-05,6.349113667879214e-05,0.00031815171679533405,0.00035528148538760407,12,0.13793103448275862
13,7.5,2.5500000000000003,3,38.47436808299972,0.07632462499896064,504.0885308447129,0.003894234586843338,0.0029624344756292,0.004867734682126034,0.0006750850421651773,0.00026402887170676447,0.0007310274946937079,0.000244828009785536,0.0008057419873431435,0.0010116572573725946,4,0.11428571428571428
13,7.5,2.5500000000000003,2,38.32349537499249,0.0728280830080621,526.2186479733383,0.0024748547175072457,0.0011321284916962792,0.002573567822222208,0.000796068400493041,0.00024348907567280556,0.000827862939968551,0.0003293657178855408,0.0007397948880823318,0.0009681017850692655,5,0.12195121951219512
10,11.0,3.74,2,38.32349537499249,0.11388458398869261,336.51170362792527,0.0001287183449377572,0.00021081445942828505,0.0002448845593984783,2.7530847973488657e-05,2.374803629879429e-05,3.5639596806210234e-05,1.8503216210774553e-05,0.0002152287678996792,0.00023087346368422246,6,0.06
12,15.0,5.1000000000000005,2,38.32349537499249,0.10997712495736778,348.46787811418466,1.690597766925004e-05,3.258007675692953e-05,3.659884509535602e-05,4.370550006461808e-06,5.0116124710437175e-06,6.268896727354395e-06,8.70494010656031e-06,9.423389842844188e-05,0.00010028213352472615,18,0.07114624505928854
13,1.0,0.34,2,38.32349537499249,0.06529900000896305,586.8925308156655,1.0,1.0,1.0,42267.72848186863,0.6239610793875513,42267.728472221104,534.8672731971999,0.06797339174795525,534.7992998054519,1,1.0
11,14.0,4.760000000000001,2,38.32349537499249,0.11553054198157042,331.7174378105653,3.3596380921797883e-05,5.4387012055372684e-05,6.37253419578027e-05,4.66439307325748e-06,7.429319473233485e-06,8.704944545649064e-06,9.116844659512457e-06,0.00011811412222605816,0.0001261403947853887,14,0.07253886010362694
11,10.0,3.4000000000000004,2,38.32349537499249,0.09864412498427555,388.50256293622635,0.00017001224935452762,0.0002715462611383555,0.0003188263663174025,3.4905846799541056e-05,4.252586954656853e-05,5.414074982908918e-05,3.0101700385920527e-05,0.0002809864935674096,0.000304809346430698,6,0.0759493670886076
11,15.0,5.1000000000000005,3,38.47436808299972,0.11836516699986532,325.0480615048133,3.244187401823464e-05,5.93569871910912e-05,6.825324053608145e-05,2.7970164404555576e-06,5.12787316273168e-06,5.858977842651796e-06,6.4568517407770365e-06,9.627330541744916e-05,0.0001027301571582262,16,0.05818181818181818
13,14.0,4.760000000000001,3,38.47436808299972,0.09259312500944361,415.520786009498,4.218964460240016e-05,9.062767635237539e-05,9.98663966793926e-05,4.626908798536583e-06,7.771362695484742e-06,9.017386495891803e-06,9.626964175002417e-06,0.00012153369322147334,0.0001309388085805746,15,0.07009345794392523
10,13.0,4.42,2,38.32349537499249,0.12073641701135784,317.41454917771284,5.1521759461408364e-05,8.844622312763406e-05,0.00010193485819689346,5.988239473496889e-06,1.0066782480455264e-05,1.1609679802786015e-05,8.229357077116362e-06,0.0001395252733874426,0.0001476307556773082,8,0.050955414012738856
12,14.0,4.760000000000001,1,37.92647200002102,0.10480433300836012,361.8788547320431,0.00020789134383208767,0.00024317805828668834,0.00032265739387021277,6.133516263181748e-06,7.700061939059068e-06,9.519559307599871e-06,1.215484639285197e-05,0.00011855685278812367,0.0001270440027330913,16,0.07142857142857142
11,15.0,5.1000000000000005,1,37.92647200002102,0.11766879196511582,322.3154701143251,8.829586030151424e-05,0.0001597366775538622,0.00018166821974254944,2.7851691959236113e-06,5.349117556570523e-06,5.8856636776853484e-06,6.1549482053419036e-06,9.750862401311858e-05,0.00010176139943087956,15,0.05338078291814947
12,13.0,4.42,1,37.92647200002102,0.09872920799534768,384.14642201736484,0.0002591065113380706,0.0003767529523598123,0.0004549060024995691,8.941674801840018e-06,1.1588763746666831e-05,1.4083368991879509e-05,1.6983720745707837e-05,0.0001514934755455083,0.00016216654230053612,16,0.0893854748603352
12,12.0,4.08,3,38.47436808299972,0.09484450001036748,405.657345220799,0.00013298623674227458,0.00019246501810657706,0.00023433693469844167,1.3374873987991241e-05,1.8156265562808835e-05,2.232422323332183e-05,1.8309854834086536e-05,0.0001978204676766869,0.0002146053037235668,10,0.07462686567164178
13,12.0,4.08,2,38.32349537499249,0.08600470901001245,445.5976401307394,5.833979534460543e-05,7.548683124280561e-05,9.486771834516217e-05,1.300090321528419e-05,1.6235898407868905e-05,2.0435967676599813e-05,1.773616226018182e-05,0.00017616496235512563,0.0001917917936783628,10,0.08064516129032258
13,14.0,4.760000000000001,2,38.32349537499249,0.09031062497524545,424.3520115766792,2.9434276496014506e-05,3.2894741088138726e-05,4.3907655256741524e-05,6.715800457721925e-06,7.460846766311568e-06,9.963194680115949e-06,1.434599966981115e-05,0.0001184791429286805,0.00013095650198588493,20,0.10309278350515463
9,2.5,0.8500000000000001,1,37.92647200002102,0.09834587498335168,385.6437497397969,0.0,1.0,1.0,0.0,0.09765837927594044,0.09765837927594044,0.0,0.02820064232293911,0.02820064232293911,0,0.0
11,11.0,3.74,1,37.92647200002102,0.10382370901061222,365.29683211514254,0.0008030846484652923,0.0008743576390171519,0.001207506273924486,2.5332275020186e-05,2.758042618568499e-05,3.808914815928372e-05,3.0482875822626307e-05,0.00024149124397064223,0.00027197411979326853,9,0.08411214953271028
14,13.0,4.42,2,38.32349537499249,0.08847550000064075,433.1537586644319,9.678407570768079e-05,9.400510732891037e-05,0.00013544418807529115,1.0286918282285079e-05,1.0170449376164786e-05,1.4395990743127876e-05,1.6720574065386823e-05,0.00014100688148314944,0.00015501775259386952,14,0.08695652173913043
10,5.0,1.7000000000000002,1,37.92647200002102,0.09673175000352785,392.0788365623265,0.037666976210052744,0.05818441893664777,0.05818441893664777,0.003000996909466204,0.0025662723228972975,0.0037683732759708193,0.0009784858984301925,0.0033162585982849727,0.004009838204104915,3,0.2
9,11.0,3.74,3,38.47436808299972,0.12383533403044567,310.6897428284932,0.00022378557005488356,0.0003236086312495755,0.00039424129340941193,1.7733132419516695e-05,2.8433197863864098e-05,3.318434482817819e-05,1.660154112474027e-05,0.0002463173475455299,0.0002629188886702702,6,0.06
13,3.0,1.02,1,37.92647200002102,0.06744800001615658,562.3068436563881,0.28743553991987275,1.0,1.0,0.07903778103069058,0.0455460135097843,0.08528922662013082,0.008795356383572019,0.019487974243034563,0.022045954866601263,1,0.5
9,12.0,4.08,1,37.92647200002102,0.13143574999412522,288.5552218609946,0.00022572363899898723,0.00041902873171734963,0.0004818684597010835,1.1034780276253577e-05,1.8681144434956663e-05,2.148266601536555e-05,1.1772316924354986e-05,0.00019664217532403688,0.00020841449224839187,7,0.05384615384615385
9,13.0,4.42,1,37.92647200002102,0.1444506670231931,262.55657229974247,0.00017173393113330493,0.00024039616397155024,0.000296720921647553,7.65624141850401e-06,1.161943236648052e-05,1.3228416025847462e-05,1.2241653137762265e-05,0.00015013875134660404,0.00015607893161607295,11,0.06111111111111111
13,2.0,0.68,3,38.47436808299972,0.06860229198355228,560.8321088196897,1.0,1.0,1.0,1.2375971267069314,0.16708010130876313,1.2376777302686603,0.09451151018735374,0.03351618863436238,0.10313090733432345,1,1.0
10,11.0,3.74,3,38.47436808299972,0.12546291697071865,306.6592823756769,0.0002571439128258353,0.0003292895722075305,0.00041870379755070856,2.068354809242809e-05,2.732702961258947e-05,3.402611805631018e-05,2.29972244196186e-05,0.0002445760847306251,0.0002640584776586741,8,0.07766990291262135
14,2.0,0.68,3,38.47436808299972,0.07097970799077302,542.0474269632269,0.0,1.0,1.0,0.0,0.37766086888853195,0.37766086888853195,0.0,0.05253587567471169,0.05253587567471169,0,0.0
12,5.0,1.7000000000000002,3,38.47436808299972,0.07820579200051725,491.96315386391393,0.1275733945457601,0.025870493742967522,0.13012855131524734,0.010677178661466473,0.002165935130601404,0.010894651010075066,0.0027167474617276685,0.002880730848419527,0.005443974903060814,4,0.4
11,13.0,4.42,1,37.92647200002102,0.12080662499647588,313.94364341465047,0.00021966961813848232,0.00036558202400891837,0.0004214931418200504,7.220938356363735e-06,1.1550103149175114e-05,1.3387299145998167e-05,1.2221500666299845e-05,0.0001502156098127025,0.0001601868667189879,12,0.06818181818181818
11,3.0,1.02,2,38.32349537499249,0.09067499998491257,422.64676461394146,0.028085766112595292,0.3475342011769067,0.3475342011769067,0.16889076143046594,0.04719423720211384,0.17025359020863862,0.01688707701844546,0.015343163760887266,0.028149655907071122,1,0.5
12,1.0,0.34,2,38.32349537499249,0.08319062500959262,460.6708432659744,1.0,1.0,1.0,1781.0890593920033,0.9508190123240459,1781.0890796056883,23.7606002968229,0.10241306490803101,23.7123085793742,1,1.0
13,1.0,0.34,1,37.92647200002102,0.06846099998801947,553.9865325755989,,1.0,1.0,0.0,0.267652395747823,0.267652395747823,0.0,0.04601162119639024,0.04601162119639024,0,0.0
11,10.0,3.4000000000000004,3,38.47436808299972,0.1052183749852702,365.6620631936755,0.0003099966456175338,0.0006036072912440174,0.0006802646138776604,4.922425283052848e-05,4.924035293638985e-05,6.619527495236429e-05,4.579557753331409e-05,0.00032607394056093433,0.0003503340534899979,7,0.08433734939759036
10,3.0,1.02,2,38.32349537499249,0.09402241703355685,407.5995553413048,0.012302450667739726,0.6206845906954037,0.6206845906954037,0.09280679830010617,0.06974171132885046,0.09530914240213495,0.010095719959368976,0.02108446972555158,0.021405938141257352,1,0.5
12,2.5,0.8500000000000001,2,38.32349537499249,0.07561462500598282,506.82649516492665,0.0003159335189560819,1.0,1.0,0.33320952563655826,0.1475831396568943,0.3393375280377052,0.03030992090543627,0.03732796067811671,0.04871618464070515,1,0.5
13,1.0,0.34,3,38.47436808299972,0.06578920903848484,584.8127473381431,,1.0,1.0,0.0,1.2376777302686603,1.2376777302686603,0.0,0.10313090733432345,0.10313090733432345,0,0.0
11,1.0,0.34,2,38.32349537499249,0.0824610409908928,464.74668418538437,,1.0,1.0,0.0,31.706317204542692,31.706317204542692,0.0,0.8257994968772194,0.8257994968772194,0,0.0
9,13.0,4.42,2,38.32349537499249,0.1333110419800505,287.4742767424131,3.305571455672786e-05,5.3880360209682746e-05,6.3165416515709e-05,6.2261571440491e-06,1.0446239867090157e-05,1.1897420928743126e-05,6.203985225383679e-06,0.00014121244435516545,0.00014729976510918785,6,0.03896103896103896
12,1.0,0.34,3,38.47436808299972,0.07422924996353686,518.3181576251845,,1.0,1.0,0.0,1.7149228593414294,1.7149228593414294,0.0,0.13736089693570935,0.13736089693570935,0,0.0
10,14.0,4.760000000000001,3,38.47436808299972,0.12919866701122373,297.79229904637776,3.700480281332819e-05,9.489170729837724e-05,0.00010033319792221118,4.903529495772884e-06,7.819461618661725e-06,9.358501576736024e-06,9.279362032002525e-06,0.00012280160627345382,0.00013106407937936784,13,0.06046511627906977
9,7.5,2.5500000000000003,3,38.47436808299972,0.1108184169861488,347.18388088695247,0.00213176805462198,0.0032165962247937253,0.0038581878487091194,0.00016892420413825693,0.0002715598923059551,0.0003057293587104959,6.703519211931006e-05,0.0008193158327049199,0.0008703109375161749,2,0.05714285714285714
14,13.0,4.42,3,38.47436808299972,0.09136066702194512,421.12617318958553,7.932082205189512e-05,0.00012965908615825543,0.00015506393741079665,1.0344781236220805e-05,1.1748959998730971e-05,1.5484783005985245e-05,2.120950447340869e-05,0.00015493372858950763,0.00017369649249035501,19,0.11242603550295859
10,11.0,3.74,1,37.92647200002102,0.11519929202040657,329.2248705252691,0.0005203313949873515,0.0006281403998933805,0.0008267471897274893,2.1532142070043555e-05,2.7561083540818393e-05,3.421205886426424e-05,2.997233789200221e-05,0.00024237731420921962,0.0002647206592873465,11,0.10091743119266056
11,2.5,0.8500000000000001,1,37.92647200002102,0.08348695799941197,454.28020027137836,0.0,1.0,1.0,0.0,0.06972837627114532,0.06972837627114532,0.0,0.023707471410500093,0.023707471410500093,0,0.0
13,13.0,4.42,3,38.47436808299972,0.08989366597961634,427.9986544516262,7.762416457713328e-05,0.00013844108543451366,0.00016126648714654798,1.0229715651388076e-05,1.1871383350124485e-05,1.5253223423788825e-05,1.965043610451661e-05,0.00015566807446223963,0.00016955125194258874,17,0.09883720930232558
13,13.0,4.42,2,38.32349537499249,0.0881564580486156,434.72136044597266,4.6937637196794855e-05,4.604337148985058e-05,6.578037543317348e-05,1.0095467581088263e-05,1.0422809373126064e-05,1.4148209365540388e-05,1.6246045355751415e-05,0.00014283172070801708,0.00015373586483724555,14,0.08641975308641975
12,10.0,3.4000000000000004,3,38.47436808299972,0.09225445898482576,417.0461623901353,0.00036138852242596005,0.0005555900851223747,0.0006646795856994477,3.508063115124798e-05,4.720051657391396e-05,5.6008116463836225e-05,3.217774764986692e-05,0.0003160027999903718,0.00034085500084087006,6,0.07228915662650602
11,7.5,2.5500000000000003,1,37.92647200002102,0.092931708029937,408.1112120289815,0.003350102074714163,0.007747350183748426,0.008440498433261522,0.00030395250916347166,0.00024437962491785946,0.000384297691484544,0.00018164168043988127,0.000794734162762779,0.0009374349243182062,5,0.11363636363636363
14,3.0,1.02,2,38.32349537499249,0.0673003340489231,569.4398982794605,0.9944682915519143,0.37671415683468523,0.9944697444740236,1.029125068334194,0.049952547995399374,1.0297068847847932,0.08046043811379872,0.01524748417527684,0.09570792228907556,1,0.5
10,12.0,4.08,1,37.92647200002102,0.12089399999240413,313.7167436134463,0.00030144563687485506,0.00043234183413653083,0.0005324574415881279,1.2474287103653752e-05,1.78909640752491e-05,2.2033900508559008e-05,1.9727351631200485e-05,0.0001925594733989712,0.00020964443797227145,12,0.08823529411764706
11,2.5,0.8500000000000001,3,38.47436808299972,0.08346770802745596,460.94913820257193,1.0,1.0,1.0,4.996681580269101,0.1660242515022052,4.996983005554932,0.3316649559938201,0.031014929914026733,0.3456897673753533,1,1.0
13,2.0,0.68,1,37.92647200002102,0.06948283297242597,545.8394595838085,,1.0,1.0,0.0,0.267652395747823,0.267652395747823,0.0,0.04601162119639024,0.04601162119639024,0,0.0
10,1.0,0.34,3,38.47436808299972,0.09627425001235679,399.63300755977366,,1.0,1.0,0.0,2.2093249116900386,2.2093249116900386,0.0,0.17489307193692039,0.17489307193692039,0,0.0
11,13.0,4.42,2,38.32349537499249,0.11365970899350941,337.17748984542067,4.639814589141501e-05,7.403169544048463e-05,8.743421495964185e-05,6.453532001482979e-06,1.032642130240088e-05,1.2067216159388762e-05,9.304373691988721e-06,0.00014052433002113666,0.00014938859336621757,9,0.057692307692307696
14,10.0,3.4000000000000004,2,38.32349537499249,0.0809732080087997,473.2861191670671,0.0003662874764011243,0.0003783444473076372,0.0005141378281246205,5.192592456615914e-05,4.4484836840356596e-05,6.738297205404724e-05,4.5083336831015786e-05,0.0002916832819191556,0.0003265880187635628,7,0.08641975308641975
10,13.0,4.42,1,37.92647200002102,0.12398858304368332,305.88680884157594,0.000224373852728331,0.00026738500183733164,0.0003524375166360617,9.284929401993711e-06,1.1634581945452113e-05,1.4584401619528109e-05,1.3667921537646732e-05,0.0001506041566551805,0.00015964697115350424,11,0.062146892655367235
10,2.0,0.68,2,38.32349537499249,0.09483662497950718,404.1001604946785,1.0,1.0,1.0,3.3912036601695723,0.21782915937121902,3.391622244990605,0.2313503966688481,0.04058854461798833,0.24946159077683872,1,1.0
12,10.0,3.4000000000000004,2,38.32349537499249,0.09060441696783528,422.976016595277,0.0001652466549784828,0.0002514389770740664,0.00029263489616822004,4.154561188054863e-05,4.507883563366116e-05,5.9115463551831806e-05,4.327402894563348e-05,0.00029177839376437475,0.00031775840520076315,8,0.10126582278481013
9,15.0,5.1000000000000005,2,38.32349537499249,0.14159204199677333,270.66136510599813,1.0641602566726706e-05,2.4842717650583833e-05,2.700470092324844e-05,2.2131393494979634e-06,5.1389038326913444e-06,5.571440040917439e-06,3.822952956478165e-06,9.637141438934016e-05,0.00010019436734581832,9,0.03765690376569038
14,12.0,4.08,1,37.92647200002102,0.08681299997260794,436.87549113598124,0.00033106557186695653,0.00041900593355809445,0.0005369116426264916,1.8033654019637968e-05,1.8539167224970247e-05,2.4901581777336254e-05,3.349788932152653e-05,0.00019454667714301904,0.00021438237627153037,18,0.12080536912751678
10,2.5,0.8500000000000001,3,38.47436808299972,0.09456533304182813,406.8548890530713,1.0,1.0,1.0,2.20744617034188,0.13165656454236493,2.2093324407843236,0.15730673133880255,0.02878292952280317,0.17491038524528812,1,1.0
14,10.0,3.4000000000000004,1,37.92647200002102,0.08390500000678003,452.01682851982997,0.0009602984559567168,0.0009718768534789225,0.0013902498871134212,0.00013868174572288897,4.39155338210499e-05,0.0001452461920757333,8.436413414773108e-05,0.0003074440498624098,0.00037694922396747793,11,0.12222222222222222
12,13.0,4.42,2,38.32349537499249,0.09962912497576326,384.66156743136537,4.766777299687646e-05,6.822763046906108e-05,8.309299351560125e-05,7.502246439903856e-06,1.0285920520974405e-05,1.2606761339955832e-05,1.1820722354727309e-05,0.00014046635637221527,0.00015228707872694258,11,0.07096774193548387
10,1.0,0.34,1,37.92647200002102,0.0912854999769479,415.4709347004562,,1.0,1.0,0.0,0.261104640719697,0.261104640719697,0.0,0.043010127843700244,0.043010127843700244,0,0.0
12,2.0,0.68,2,38.32349537499249,0.07732612499967217,495.60863647512355,0.0,1.0,1.0,0.0,0.33918468785943107,0.33918468785943107,0.0,0.04863028351294396,0.04863028351294396,0,0.0
12,3.0,1.02,2,38.32349537499249,0.0759887500316836,504.3311721671098,0.6883210687735098,0.22482024724160965,0.7073775890874422,0.33320952563655826,0.04012957367273358,0.33392780030366354,0.03030992090543627,0.014030352714079819,0.04173897267568982,2,0.6666666666666666
13,11.0,3.74,3,38.47436808299972,0.08347620803397149,460.90220182668315,0.0003057977899103345,0.0003197585871355249,0.0004424577664516297,2.622236637939292e-05,2.791004802289474e-05,3.7940945988281286e-05,2.7676816367838697e-05,0.00024559097673292063,0.00026444504131695884,10,0.08928571428571429
14,2.0,0.68,2,38.32349537499249,0.06942808401072398,551.9883764770605,1.0,1.0,1.0,1.029125068334194,0.13449210841667758,1.0313286703605857,0.08046043811379872,0.03413739138152092,0.10239627880409546,1,1.0
11,7.5,2.5500000000000003,3,38.47436808299972,0.09403504198417068,409.149262564016,0.0031482147159672363,0.0030051924221578346,0.004392728353528549,0.0003639694099663796,0.00026580533453310346,0.0004319707794270884,0.00022674095496016955,0.0008193692364357637,0.0009695556955441331,6,0.15789473684210525
10,5.0,1.7000000000000002,3,38.47436808299972,0.09914129198295996,388.07612159838055,0.08453864007553363,0.025863097347510366,0.08837969216583126,0.006797662337310801,0.002133001450447916,0.007108882789447115,0.0018850352795356795,0.0028854271873473836,0.004542829585490987,4,0.4
9,2.5,0.8500000000000001,2,38.32349537499249,0.10552945802919567,363.15447923924665,0.0,1.0,1.0,0.0,0.18836498633988505,0.18836498633988505,0.0,0.04032159065740872,0.04032159065740872,0,0.0
13,3.0,1.02,2,38.32349537499249,0.06901491701137275,555.2929284646866,0.8770666037914445,0.21842199058861964,0.8833203382489951,0.6225941442939646,0.04669183375290288,0.6241076992739073,0.05200842453104723,0.016231373789450027,0.06823979832049726,1,0.5
9,5.0,1.7000000000000002,3,38.47436808299972,0.10799908399349079,356.2471704419142,0.0620839406699587,0.03292731511282082,0.07024699901939896,0.004916975774637463,0.0026092158176446102,0.005566490324384638,0.0010605271292958435,0.0030967908151625922,0.004157317944458436,2,0.25
10,15.0,5.1000000000000005,1,37.92647200002102,0.13080929196439683,289.93714001864413,7.043067872347986e-05,0.00012134243419381016,0.00013892367252078038,2.914521690532466e-06,5.401529446370427e-06,5.748873218596581e-06,6.497473254270247e-06,9.755746650272346e-05,0.00010054249337614757,15,0.05434782608695652
14,15.0,5.1000000000000005,1,37.92647200002102,0.09574883303139359,396.103751860724,8.214798613446747e-05,0.00011527210603518977,0.0001411324996134972,3.634674818597184e-06,5.107644711342627e-06,6.244491430003845e-06,9.155265562166282e-06,9.457169883047428e-05,0.00010372696439264056,20,0.07272727272727272
11,2.0,0.68,2,38.32349537499249,0.0862934589968063,444.1066080849863,0.0,1.0,1.0,0.0,0.20052497274565975,0.20052497274565975,0.0,0.03946088150225313,0.03946088150225313,0,0.0
11,15.0,5.1000000000000005,2,38.32349537499249,0.11877487500896677,322.65658349124175,1.6195146249714413e-05,3.5439780179428844e-05,3.902592640970156e-05,3.5365977574715085e-06,4.907660849075909e-06,5.956640197787441e-06,7.828858050007437e-06,9.333917596129719e-05,0.00010104672452032615,17,0.06854838709677419
14,2.5,0.8500000000000001,1,37.92647200002102,0.06581549998372793,576.2544082989247,0.0,1.0,1.0,0.0,0.06940166814459313,0.06940166814459313,0.0,0.022325362672681655,0.022325362672681655,0,0.0
10,7.5,2.5500000000000003,3,38.47436808299972,0.10255529201822355,375.1573158814956,0.0026628962968308374,0.0030726144646325113,0.004039142260858766,0.0002685144570092745,0.0002687956097553558,0.0003758295402608746,0.00018233140412918236,0.0008157408598852278,0.0009980722640144102,6,0.17142857142857143
11,3.0,1.02,1,37.92647200002102,0.08365329098887742,453.3769269766535,1.0,1.0,1.0,0.06411267426595425,0.04698625354555738,0.06972837627114532,0.007349086277245738,0.017877995797698297,0.023726817513199883,1,1.0
14,2.5,0.8500000000000001,3,38.47436808299972,0.06651441601570696,578.4365313214844,1.0,1.0,1.0,0.35997228183986407,0.11422793491581608,0.37766086888853195,0.032397594973351956,0.02493571411027773,0.05253587567471169,1,1.0
10,2.5,0.8500000000000001,1,37.92647200002102,0.091846292023547,412.9341660335908,0.0,1.0,1.0,0.0,0.07070983015918444,0.07070983015918444,0.0,0.0243332749172109,0.0243332749172109,0,0.0
12,2.5,0.8500000000000001,3,38.47436808299972,0.07652083301218227,502.7959912155494,1.0,1.0,1.0,1.7146201694647323,0.1600864020486942,1.7149228593414294,0.12580355565995716,0.030017823086995275,0.13736089693570935,1,1.0
11,2.0,0.68,3,38.47436808299972,0.08567129197763279,449.09288975173473,1.0,1.0,1.0,4.996681580269101,0.1660242515022052,4.9969816941540275,0.3316649559938201,0.031014929914026733,0.34567729448989293,1,1.0
9,10.0,3.4000000000000004,2,38.32349537499249,0.1353143750457093,283.2182121230415,0.00010265606234566109,0.00020767585519284684,0.00023068070984522005,2.295346700155851e-05,4.4021414891014e-05,4.881083224949499e-05,1.312768983630086e-05,0.0002916732216612927,0.0003020416551287042,3,0.0375
14,3.0,1.02,3,38.47436808299972,0.07336425001267344,524.4293791097625,0.9528565117737033,0.4520863371572475,0.9529432577992318,0.35997228183986407,0.04095230985337493,0.36032094717112956,0.032397594973351956,0.016052886499718547,0.04059746469203921,1,0.5
9,10.0,3.4000000000000004,3,38.47436808299972,0.12982883298536763,296.3468683981468,0.0002598802548760463,0.0006265776631931028,0.0006797982353525467,2.8516358635399464e-05,4.965107822455239e-05,5.3868366753444e-05,2.7279352660773692e-05,0.00032653478971804775,0.0003402559343409911,6,0.06976744186046512
14,2.5,0.8500000000000001,2,38.32349537499249,0.07000691600842401,547.4244197584848,1.0,1.0,1.0,1.029125068334194,0.13483869069134674,1.035432587972646,0.08046043811379872,0.03421718566008143,0.10726900557786757,1,1.0
11,1.0,0.34,1,37.92647200002102,0.08413762500276789,450.7670854599633,,1.0,1.0,0.0,0.2871409272900674,0.2871409272900674,0.0,0.04607434915115517,0.04607434915115517,0,0.0
11,7.5,2.5500000000000003,2,38.32349537499249,0.09216958400793374,415.79329870571723,0.0017081987382988385,0.0014334325745150788,0.0022305502970871587,0.0003055918556190519,0.00022264059261260105,0.0003871030340164743,0.00010916790675472021,0.0006803490236364507,0.0007895169303911709,3,0.07317073170731707
13,10.0,3.4000000000000004,3,38.47436808299972,0.08202679199166596,469.04635849843754,0.0003945689086597917,0.0005228930033462456,0.0006567814601478383,4.220998008836425e-05,4.812876592172026e-05,6.407136223437209e-05,4.388443554800836e-05,0.00032209993443144125,0.0003452898401393456,8,0.09411764705882353
13,11.0,3.74,1,37.92647200002102,0.08639675000449643,438.98030884318194,0.0004411891228830881,0.0006292769665897601,0.000769590626162512,2.0124156395185447e-05,2.8703514815095813e-05,3.510370967386046e-05,2.360102471955436e-05,0.0002462797040172042,0.0002682514393688683,8,0.07339449541284404
14,11.0,3.74,1,37.92647200002102,0.08350199996493757,454.1983666971608,0.0005050397549334151,0.0006115821529655696,0.0008013966543174828,2.4175134821527926e-05,2.899757312945007e-05,3.774390516769219e-05,3.280688299639109e-05,0.0002425735809250401,0.0002753804639214312,11,0.09821428571428571
12,11.0,3.74,3,38.47436808299972,0.09281595901120454,414.5231972268387,0.00029167033530027366,0.0003240646379007834,0.0004378172483767374,3.686302679402861e-05,2.7131475021643692e-05,4.5397051442337185e-05,4.1254028039672264e-05,0.00024191972726870722,0.00027528215347477625,11,0.10185185185185185
9,15.0,5.1000000000000005,1,37.92647200002102,0.1430106670013629,265.2003014548529,5.63894662022821e-05,0.00011541747720682635,0.00012804391565508284,2.513947709759805e-06,5.145543392476697e-06,5.7084554271204174e-06,5.01085303583268e-06,9.568832963891688e-05,0.00010069918267474956,12,0.04411764705882353
9,2.0,0.68,1,37.92647200002102,0.10243629105389118,370.2444866933742,,1.0,1.0,0.0,0.21986752074990257,0.21986752074990257,0.0,0.038376928414527015,0.038376928414527015,0,0.0
9,14.0,4.760000000000001,1,37.92647200002102,0.1472304580383934,257.599361608526,7.180257240935478e-05,0.00017448613418350159,0.0001879316838477891,4.4286049285039985e-06,7.894587612894699e-06,9.131659543468083e-06,8.039774939402194e-06,0.0001208042956840176,0.0001288440706234198,12,0.05555555555555555
12,5.0,1.7000000000000002,2,38.32349537499249,0.08097862498834729,473.2544591922521,0.5685868899926652,0.013498503194442785,0.5686939897002158,0.08495830954049939,0.002240406132558649,0.08498254312166549,0.009657412661039491,0.002633880244314553,0.012291292905354044,2,0.18181818181818182
10,13.0,4.42,3,38.47436808299972,0.12359083298360929,311.3043836196348,6.483346868002333e-05,0.00014356624750938644,0.00015930888301745637,6.75703043142224e-06,1.1547858207110543e-05,1.2916746092117888e-05,1.2204937863250637e-05,0.0001513196207648844,0.00016275036747117125,13,0.0755813953488372
12,7.5,2.5500000000000003,2,38.32349537499249,0.08817812497727573,434.61454170032295,0.0022430105964324374,0.0015522566626843938,0.002728373306872336,0.0005286859094363173,0.00023211277933829534,0.0005749299517198974,0.00021753257505936763,0.0007274144017422463,0.0008650562946411477,4,0.1
12,2.0,0.68,1,37.92647200002102,0.0804449170245789,471.45889886906195,,1.0,1.0,0.0,0.2935602627455412,0.2935602627455412,0.0,0.04770647652177484,0.04770647652177484,0,0.0
13,2.0,0.68,2,38.32349537499249,0.06794404203537852,564.0449732890106,0.0,1.0,1.0,0.0,0.624073147743207,0.624073147743207,0.0,0.068176500522481,0.068176500522481,0,0.0
9,5.0,1.7000000000000002,1,37.92647200002102,0.10321149998344481,367.4636257210141,0.06272417852413159,0.05494128663718659,0.08330973662618668,0.003304903307133288,0.0026182070095711932,0.0042173508308226216,0.0008334599314472474,0.0034311469104815508,0.004263822589175691,3,0.2
13,5.0,1.7000000000000002,3,38.47436808299972,0.07034224999370053,546.959588105943,0.17045975042112718,0.026160951508822163,0.17239837492657598,0.01461194800052137,0.002566203278562164,0.014783144845891156,0.003364168137704234,0.003314378404251528,0.006131960494701067,4,0.4
10,10.0,3.4000000000000004,2,38.32349537499249,0.11841916700359434,323.6257807304899,0.00022135169615856038,0.0003244268340478814,0.0003900427405958708,3.0664814896452464e-05,4.1595323039318654e-05,5.0841091569951366e-05,2.1729504462664195e-05,0.00027849437650157016,0.00029889645728975456,4,0.05128205128205128
12,10.0,3.4000000000000004,1,37.92647200002102,0.09592887503094971,395.36033324465376,0.001297769184908827,0.0013212024577605288,0.0018658006878866634,8.804342946783946e-05,4.5768665588321484e-05,9.919665138504455e-05,6.0227995298652026e-05,0.0003035783610382155,0.0003625620343591304,9,0.0967741935483871
11,11.0,3.74,2,38.32349537499249,0.10836637497413903,353.64747952617364,8.127049830435797e-05,0.00017279888475455857,0.00019080258716539693,3.264087190788548e-05,2.439416027557621e-05,4.0232026418725535e-05,2.497701544585708e-05,0.00021741205120906493,0.00023790775664950248,7,0.07142857142857142
13,11.0,3.74,2,38.32349537499249,0.08967295900220051,427.36958612073965,9.67846232905742e-05,0.00010301620298942295,0.0001413675767500989,4.2337168243899496e-05,2.550115413978475e-05,4.899377440038669e-05,2.909870512990409e-05,0.00022379643921894427,0.00024378203779534813,9,0.08490566037735849
14,7.5,2.5500000000000003,1,37.92647200002102,0.07930466602556407,478.23758551350966,0.007708647330636452,0.005176679626214524,0.009279224692357448,0.00044001840452500174,0.00022904526380929707,0.0004932372116119773,0.00026312689747404194,0.0007667381854957606,0.0009765850085095007,6,0.13043478260869565
12,1.0,0.34,1,37.92647200002102,0.08354412502376363,453.9693484040088,,1.0,1.0,0.0,0.2935602627455412,0.2935602627455412,0.0,0.04770647652177484,0.04770647652177484,0,0.0
12,11.0,3.74,1,37.92647200002102,0.1022935839719139,370.7610050150775,0.0005740885756210606,0.0009569869699211001,0.0011220740266138845,1.693770775052635e-05,2.8234574751986216e-05,3.31052396505502e-05,1.7268235631220236e-05,0.00024483954243911116,0.0002621077780703314,6,0.056074766355140186
11,1.0,0.34,3,38.47436808299972,0.08891845803009346,432.69270447738194,,1.0,1.0,0.0,4.9969816941540275,4.9969816941540275,0.0,0.34567729448989293,0.34567729448989293,0,0.0
14,3.0,1.02,1,37.92647200002102,0.06968616700032726,544.2467799935519,0.251003551379374,1.0,1.0,0.05841823992987876,0.05700401086013604,0.06940166814459313,0.006785228007026672,0.022354495666120716,0.022354495666120716,1,0.5
14,12.0,4.08,2,38.32349537499249,0.09405658300966024,407.45149513943545,0.0001741017480024795,0.00014915207139467468,0.00023018732444388018,1.8504802766621573e-05,1.606008173643153e-05,2.4465978488701706e-05,2.053292402032919e-05,0.00017571347568156453,0.0001947948795028541,11,0.0873015873015873
13,5.0,1.7000000000000002,1,37.92647200002102,0.07169654197059572,528.9860704240865,0.17250768670800445,0.054510348284846244,0.179559033117154,0.007858414988909471,0.0029438369504839698,0.00819005696587689,0.001969320231272798,0.0035644828967977826,0.005185090306639391,3,0.25
13,15.0,5.1000000000000005,3,38.47436808299972,0.09967991698067635,385.97913449765656,3.961009664571466e-05,5.6681568508446274e-05,6.949177120654887e-05,3.7659952287649377e-06,5.1015249564465105e-06,6.290259302953625e-06,8.86213903922295e-06,9.735096541763077e-05,0.00010621310445685372,19,0.07037037037037037
14,1.0,0.34,3,38.47436808299972,0.06578212499152869,584.8757255554511,,1.0,1.0,0.0,1.0170238525503592,1.0170238525503592,0.0,0.08747778898763385,0.08747778898763385,0,0.0
11,13.0,4.42,3,38.47436808299972,0.11407887499080971,337.26111066662645,6.981089360700592e-05,0.00014486617068355491,0.00016266686304230104,8.082884875459091e-06,1.1817719038404607e-05,1.364988012443853e-05,1.650245330768116e-05,0.00015391064283780745,0.00016510521462323804,17,0.09770114942528736
13,2.5,0.8500000000000001,1,37.92647200002102,0.0684966670232825,553.6980651500832,0.0,1.0,1.0,0.0,0.08528922662013082,0.08528922662013082,0.0,0.022045954866601263,0.022045954866601263,0,0.0
11,10.0,3.4000000000000004,1,37.92647200002102,0.10595116700278595,357.96181460675894,0.0008832738383363694,0.001351683993889521,0.0016396452956047782,6.606508654663092e-05,4.45958944433324e-05,7.963687357651924e-05,4.518791817094414e-05,0.00029983855056866376,0.0003450264687396079,6,0.06741573033707865
14,11.0,3.74,3,38.47436808299972,0.08554008300416172,449.781748296034,0.00030923269080511775,0.00030892465706799146,0.00043689574353430517,2.8020964178605462e-05,2.847565053657212e-05,3.958897709084346e-05,3.00417979101561e-05,0.00024610200493118545,0.0002745120095757614,9,0.0891089108910891
9,2.5,0.8500000000000001,3,38.47436808299972,0.10081416700268164,381.63652219609475,1.0,1.0,1.0,0.18920503822306933,0.12463672894548587,0.2265672021780552,0.018619695588988235,0.02867590190442592,0.04016021378335736,1,1.0
11,5.0,1.7000000000000002,2,38.32349537499249,0.0862061659572646,444.55631391831974,0.14079660571616698,0.01590383505401008,0.14170859290572851,0.023312417315136974,0.002171314989995496,0.02338105167044464,0.004122104774197555,0.0028551505916904404,0.006495073926634148,3,0.23076923076923078
11,5.0,1.7000000000000002,1,37.92647200002102,0.08603962499182671,440.8023861520064,0.07532610034980783,0.07080273251743086,0.10324254122415734,0.004115251877725546,0.0025420187962193514,0.0048106828046268,0.0012568615691860158,0.0032819058667278474,0.004538767435913863,3,0.23076923076923078
12,13.0,4.42,3,38.47436808299972,0.10121033299947158,380.1426884268881,7.369507328892906e-05,0.00014049341822931497,0.0001609199657585026,9.249794478862719e-06,1.1762448687570927e-05,1.4363757767429298e-05,1.9108624702553895e-05,0.00015395020359363146,0.00016821360498141258,18,0.10404624277456648
12,2.5,0.8500000000000001,1,37.92647200002102,0.07653637498151511,495.53525378202113,0.0,1.0,1.0,0.0,0.08242133654203182,0.08242133654203182,0.0,0.02205245238958476,0.02205245238958476,0,0.0
12,7.5,2.5500000000000003,3,38.47436808299972,0.08333270798902959,461.69588162267223,0.003512903329513358,0.00292946782523377,0.00461130103648462,0.0003643303907199534,0.00026019879387599164,0.0004429635831948035,0.00018020592767595267,0.0008071171548477557,0.0009322351351378211,4,0.1111111111111111
9,3.0,1.02,3,38.47436808299972,0.10202833398943767,377.0949360692562,0.8359033942529852,0.5515214469708462,0.837128307682443,0.18920503822306933,0.043685011729372766,0.19012687804205164,0.018619695588988232,0.014565676535433864,0.027316303445833544,1,0.5
12,12.0,4.08,2,38.32349537499249,0.09943937504431233,385.3955775357067,6.311769199457531e-05,0.00010956674278771976,0.00012617934935273543,1.1134486680655315e-05,1.6384018014323212e-05,1.886817733403046e-05,1.4130484675689559e-05,0.0001787461479021285,0.0001901865315066531,8,0.064
10,10.0,3.4000000000000004,1,37.92647200002102,0.11412837501848117,332.3141330442974,0.0004493820824961398,0.001081041205155762,0.0011498763457854532,5.1851125414623973e-05,4.473513243705431e-05,6.818442680918943e-05,3.589314689748241e-05,0.00030706951176661876,0.0003366563913275514,5,0.054945054945054944
14,15.0,5.1000000000000005,2,38.32349537499249,0.09441449999576434,405.90688270034553,3.184231036377432e-05,4.597160772059356e-05,5.563221505969242e-05,3.3844330434545673e-06,4.967277054945679e-06,5.912995340827843e-06,7.930333951189361e-06,9.454329683159651e-05,0.00010235183174185994,18,0.072
10,2.5,0.8500000000000001,2,38.32349537499249,0.09180387499509379,417.44964879794657,0.0,1.0,1.0,0.0,0.11173798164813743,0.11173798164813743,0.0,0.030659447102362535,0.030659447102362535,0,0.0
14,1.0,0.34,2,38.32349537499249,0.06551454099826515,584.9616709671722,1.0,1.0,1.0,177693.84089780552,1.0296676804604614,177693.84090461594,2061.1828633435334,0.09553371801666799,2061.0873296255168,1,1.0
13,12.0,4.08,1,37.92647200002102,0.0869606250198558,436.1338478347095,0.00036591776502021346,0.00040518387307584587,0.0005078998627041432,1.6690748122290345e-05,1.8527464232677938e-05,2.3757961917949333e-05,3.582533912634481e-05,0.0001962358347920197,0.00021112029157462076,22,0.14666666666666667
13,15.0,5.1000000000000005,1,37.92647200002102,0.09477333398535848,400.1808357388828,7.529931368133754e-05,0.00011396061829811105,0.00013712461313394414,3.4431324280573984e-06,5.210970594792304e-06,6.27016891917914e-06,8.231578920263327e-06,9.716471474201932e-05,0.00010459308502489342,19,0.0683453237410072
9,15.0,5.1000000000000005,3,38.47436808299972,0.14364645798923448,267.84070154993424,2.6633621012959712e-05,6.211685217624979e-05,6.746955546246533e-05,2.1104932186394033e-06,5.115202986906355e-06,5.575436044879947e-06,3.6591153241873065e-06,9.627642793794133e-05,9.934125019521109e-05,9,0.03296703296703297
11,2.5,0.8500000000000001,2,38.32349537499249,0.08397374994819984,456.37470517432854,0.0016587739228172396,1.0,1.0,0.16889076143046594,0.13457499054149827,0.2012593848340872,0.016887077018445464,0.033235101309228056,0.039587535592558364,1,0.5
9,2.0,0.68,3,38.47436808299972,0.10581995802931488,363.5832861731179,,1.0,1.0,0.0,0.2264705477208933,0.2264705477208933,0.0,0.04014425228621263,0.04014425228621263,0,0.0
14,13.0,4.42,1,37.92647200002102,0.08940508303930983,424.20934817929117,0.0002813911731145115,0.0002489080780989467,0.00037675550271244014,1.3526506776627123e-05,1.1064927205798994e-05,1.752026560287477e-05,2.4598965185727156e-05,0.00014761380682080244,0.00016895452755779153,18,0.10112359550561797
11,5.0,1.7000000000000002,3,38.47436808299972,0.08759695803746581,439.22036729339356,0.10354731321923247,0.025877299240480746,0.1066984753687798,0.008444237429566825,0.002247771710727298,0.008704110894780159,0.0022662633583386965,0.0030151034242985597,0.004954492654589478,4,0.4
9,3.0,1.02,1,37.92647200002102,0.10094816703349352,375.70243338284115,0.0,1.0,1.0,0.0,0.05386361891020949,0.05386361891020949,0.0,0.019179913076377193,0.019179913076377193,0,0.0
10,12.0,4.08,2,38.32349537499249,0.12010900001041591,319.07263711852613,8.277206247174998e-05,0.00014636349703392028,0.0001673177596189065,9.587013096944839e-06,1.6487697577412687e-05,1.8848173730690705e-05,1.2481951333631613e-05,0.00017727083240733077,0.00018622086424257417,8,0.064
14,2.0,0.68,1,37.92647200002102,0.06690041697584093,566.9093514576603,,1.0,1.0,0.0,0.22701254575411786,0.22701254575411786,0.0,0.04148024058236488,0.04148024058236488,0,0.0
13,15.0,5.1000000000000005,2,38.32349537499249,0.09388979099458084,408.175318839558,1.577654781125997e-05,2.267059971723978e-05,2.5997098495227753e-05,5.0749916068177425e-06,5.073033818745846e-06,6.870779435252345e-06,9.659140897941287e-06,9.480836594941144e-05,0.00010102702472116615,20,0.07874015748031496
13,12.0,4.08,3,38.47436808299972,0.08691487496253103,442.66724308797546,0.00013757244402246715,0.00018915348908752063,0.00023462285735201865,1.6681152877314572e-05,1.71519099034196e-05,2.400108029799746e-05,2.495348462443897e-05,0.00019098917644468083,0.0002159426610691198,15,0.10416666666666667
11,3.0,1.02,3,38.47436808299972,0.08429041702765971,456.4500857834698,0.9588687294201732,0.6101830698465518,0.9595631666852762,0.15811572731466553,0.049736425125679704,0.15955483807021784,0.01595658001890094,0.015638691475128835,0.025498855893237908,1,0.5
14,5.0,1.7000000000000002,1,37.92647200002102,0.06974583299597725,543.7811890813393,0.1964328448839708,0.053975797561230186,0.199262405561595,0.011244501153222435,0.0029321577967883726,0.01141312901498808,0.002394422140034047,0.0036647691208878744,0.005815747907356422,4,0.36363636363636365
9,2.0,0.68,2,38.32349537499249,0.10464991698972881,366.20664858008314,1.0,1.0,1.0,3.400705221618381,0.32009065872786263,3.400904203997594,0.23194074984130297,0.04737614540804774,0.24777190515573252,1,1.0
11,14.0,4.760000000000001,1,37.92647200002102,0.12031062500318512,315.2379268166627,0.0001530430631653845,0.00023381544752023347,0.00028113959430372827,5.3778122367081e-06,7.811849590274512e-06,9.416415826427674e-06,9.84962851993676e-06,0.00011966217200488904,0.00012709164094584086,15,0.06756756756756757
9,11.0,3.74,2,38.32349537499249,0.12614054197911173,303.81584519700795,4.974661383175003e-05,0.00013506412461364127,0.0001425115284362231,2.3129169199006275e-05,2.543980487324559e-05,3.1804453239239545e-05,1.6343117737793733e-05,0.0002237353530167227,0.00022935012399684374,6,0.05714285714285714
9,10.0,3.4000000000000004,1,37.92647200002102,0.12416970799677074,305.4406152022792,0.00033566170135261526,0.0009251269380302526,0.0009906688239110202,4.168283480603315e-05,4.546097033554773e-05,6.145278382395021e-05,2.7815370263813144e-05,0.00030505009192415694,0.0003328654621879701,4,0.044444444444444446
12,12.0,4.08,1,37.92647200002102,0.099428582994733,381.44435792703683,0.0005097702997593138,0.000587281345893428,0.0007674034876992775,1.5040036704985295e-05,1.90367091844444e-05,2.2731988908910977e-05,3.0253533704375016e-05,0.00019906427339788646,0.00021330662955520475,19,0.13286713286713286
10,1.0,0.34,2,38.32349537499249,0.0948972090263851,403.84217584667925,,1.0,1.0,0.0,9.837712818474218,9.837712818474218,0.0,0.7756629910129216,0.7756629910129216,0,0.0
11,12.0,4.08,2,38.32349537499249,0.10989595798309892,348.72524957547864,6.512178898445707e-05,0.00011231475690602394,0.0001301769326875375,1.0741026637235098e-05,1.603657125864611e-05,1.8235899140078765e-05,1.4644829600823223e-05,0.00017622583551185622,0.00018422925526290733,9,0.07142857142857142
11,2.0,0.68,1,37.92647200002102,0.08404874999541789,451.24373654680966,,1.0,1.0,0.0,0.2871409272900674,0.2871409272900674,0.0,0.04607434915115517,0.04607434915115517,0,0.0
9,3.0,1.02,2,38.32349537499249,0.1019440419622697,375.9267794107705,0.00957906720173221,0.24641329980918467,0.24641329980918467,0.05993655606633009,0.04644950600631841,0.06437652553239742,0.006936297513619072,0.01593440836502541,0.018613913198148424,1,0.3333333333333333
12,15.0,5.1000000000000005,3,38.47436808299972,0.10657070897286758,361.02197736898904,3.579894011040097e-05,5.8180138852547734e-05,6.888239606332444e-05,3.366263244977552e-06,5.231080313990945e-06,6.21925089309646e-06,8.02160099230842e-06,9.842959564831943e-05,0.00010645119664062785,18,0.06716417910447761
9,12.0,4.08,2,38.32349537499249,0.1357878329581581,282.2307016770903,3.7283792131440135e-05,8.364394461603287e-05,9.165327694816447e-05,8.062237212922907e-06,1.5754621312392043e-05,1.7296637866696544e-05,9.172859866124483e-06,0.00017413956111995976,0.0001812476227394666,6,0.04838709677419355
12,3.0,1.02,3,38.47436808299972,0.07651629199972376,502.82583064974733,1.0,0.5479128253991259,1.0,0.15390045212738843,0.045840332387019324,0.16019271595567988,0.015590211156381121,0.015622336081370473,0.030083612946041186,1,1.0
10,3.0,1.02,1,37.92647200002102,0.0923414999851957,410.71968731395356,0.2028900500689263,1.0,1.0,0.05390232478560637,0.04870156074567058,0.05992659022554661,0.006332563337992949,0.018271736085011973,0.019009090767919106,1,0.5
14,7.5,2.5500000000000003,2,38.32349537499249,0.07348174997605383,521.5375979407311,0.004202623269277751,0.002573746983814743,0.00447963388720261,0.000655346557458887,0.0002735553003425493,0.0006946659327399579,0.0003158413865115284,0.0008128725558086171,0.0009213688301769538,7,0.16279069767441862
11,11.0,3.74,3,38.47436808299972,0.10349108302034438,371.7650541490264,0.00028613017348288984,0.00033848800880165435,0.0004449832031134516,2.7150440355542896e-05,2.7612769507424384e-05,3.9063044856335845e-05,3.29118564577624e-05,0.00024245988362711288,0.00027373009654330094,10,0.09615384615384616
10,5.0,1.7000000000000002,2,38.32349537499249,0.09435429103905335,406.1658982645564,0.030130595415190555,0.022143776177215697,0.03740545965445558,0.012077120730477155,0.002493604314375345,0.012230872200147213,0.0024828178918399613,0.0030164782663288925,0.004976311866476346,3,0.23076923076923078
14,15.0,5.1000000000000005,3,38.47436808299972,0.0962424169993028,399.7651896385606,4.109652397473531e-05,5.42360511240902e-05,6.850907569398965e-05,3.723930245986799e-06,5.327384645184153e-06,6.348872491249899e-06,8.511637759424373e-06,0.00010012464389386189,0.00010729845246362779,18,0.06498194945848375
10,2.0,0.68,1,37.92647200002102,0.09314616699703038,407.1715801384524,,1.0,1.0,0.0,0.261104640719697,0.261104640719697,0.0,0.043010127843700244,0.043010127843700244,0,0.0
10,14.0,4.760000000000001,2,38.32349537499249,0.12915783398784697,296.71831891047754,3.200511968744188e-05,6.912213458449284e-05,7.636181447500252e-05,4.1923451680453595e-06,7.786537449575012e-06,8.602079951687433e-06,7.004794129239489e-06,0.00012068108320011095,0.00012641931130099107,11,0.05789473684210526
11,14.0,4.760000000000001,3,38.47436808299972,0.11765404097968712,327.0127210474843,3.6963627622629715e-05,9.408373975201128e-05,0.00010075464995938988,4.7809664790233846e-06,7.761001320547252e-06,9.202774759033493e-06,8.900801631173821e-06,0.0001234701405596894,0.00013102366469563975,13,0.059907834101382486
9,5.0,1.7000000000000002,2,38.32349537499249,0.10368245799327269,369.62371568659245,0.0014113384624319851,0.01535065454726027,0.01535065454726027,0.005167433241405129,0.002891065881659107,0.005515285646509177,0.0013850404025311236,0.0033006485756366805,0.0037596931691024627,3,0.2
13,14.0,4.760000000000001,1,37.92647200002102,0.09700574999442324,390.97138058518567,0.00014511352501596572,0.000168917766473019,0.00022405009305289774,6.6191167909246246e-06,7.89932693784469e-06,1.0244929156908024e-05,1.1866053064253645e-05,0.00012011108836910978,0.00013056905890851053,15,0.06607929515418502
9,7.5,2.5500000000000003,2,38.32349537499249,0.11112020799191669,344.88322212086115,0.0013923273058276178,0.0010424286679414079,0.0017121972336967919,0.0002622290009936627,0.00020331623301110744,0.00032249673156790486,0.00011097439711873353,0.0006485928389394213,0.0007332204493130101,3,0.07142857142857142
12,11.0,3.74,2,38.32349537499249,0.0927447080030106,413.2149014232539,0.00010903362019231042,0.00015030778538601303,0.00018614319331733176,3.728737290338965e-05,2.4361241703591857e-05,4.430616382834784e-05,2.7095029857093778e-05,0.00021757731508634248,0.00023761199678951073,7,0.06796116504854369
9,11.0,3.74,1,37.92647200002102,0.12457616702886298,304.4440433878003,0.00040959447452248906,0.0006068307866387927,0.0007340099100845427,1.826070832298433e-05,2.7955584929972465e-05,3.2723639511949505e-05,1.8675573196631767e-05,0.00024126796792975705,0.00025854753962450266,7,0.0660377358490566
12,15.0,5.1000000000000005,1,37.92647200002102,0.10933787503745407,346.8740542746891,0.00010394355984848295,0.00017546377442699602,0.00020409882161907694,3.0667077087259252e-06,5.196516682542724e-06,6.0224310814802555e-06,6.8116062451675785e-06,9.671989603324271e-05,0.00010280775169738132,16,0.05734767025089606
13,5.0,1.7000000000000002,2,38.32349537499249,0.06920729100238532,553.7493928735286,0.11616352342875116,0.010992759987124708,0.1165138706909696,0.03737625073888439,0.002721271302435088,0.03747517105537599,0.005851160818565869,0.0030880376517430155,0.008939198470308884,2,0.2
